<?xml version="1.0" encoding="UTF-8"?>

<mule xmlns:metadata="http://www.mulesoft.org/schema/mule/metadata" xmlns:json="http://www.mulesoft.org/schema/mule/json" xmlns:tracking="http://www.mulesoft.org/schema/mule/ee/tracking" xmlns:dw="http://www.mulesoft.org/schema/mule/ee/dw" xmlns:http="http://www.mulesoft.org/schema/mule/http" xmlns="http://www.mulesoft.org/schema/mule/core" xmlns:doc="http://www.mulesoft.org/schema/mule/documentation"
	xmlns:spring="http://www.springframework.org/schema/beans" 
	xmlns:xsi="http://www.w3.org/2001/XMLSchema-instance"
	xsi:schemaLocation="http://www.springframework.org/schema/beans http://www.springframework.org/schema/beans/spring-beans-current.xsd
http://www.mulesoft.org/schema/mule/core http://www.mulesoft.org/schema/mule/core/current/mule.xsd
http://www.mulesoft.org/schema/mule/http http://www.mulesoft.org/schema/mule/http/current/mule-http.xsd
http://www.mulesoft.org/schema/mule/ee/dw http://www.mulesoft.org/schema/mule/ee/dw/current/dw.xsd
http://www.mulesoft.org/schema/mule/json http://www.mulesoft.org/schema/mule/json/current/mule-json.xsd
http://www.mulesoft.org/schema/mule/ee/tracking http://www.mulesoft.org/schema/mule/ee/tracking/current/mule-tracking-ee.xsd">
    <http:listener-config name="HTTP_Listener_Configuration" host="0.0.0.0" port="8081" doc:name="HTTP Listener Configuration"/>
    <flow name="dw-contentenricherFlow">
        <http:listener config-ref="HTTP_Listener_Configuration" path="/example1" doc:name="HTTP" allowedMethods="GET"/>
        <set-payload value="#[{
	&quot;Orders&quot;: [{
			&quot;OrderID&quot;: 2501,
			&quot;Items&quot;: [{
					&quot;ProductID&quot;: &quot;P05&quot;,
					&quot;Quantity&quot;: 1
				}
			]
		}, {
			&quot;OrderID&quot;: 2502,
			&quot;Items&quot;: [{
					&quot;ProductID&quot;: &quot;P05&quot;,
					&quot;Quantity&quot;: 5
				}, {
					&quot;ProductID&quot;: &quot;P06&quot;,
					&quot;Quantity&quot;: 1
				}
			]
		}, {
			&quot;OrderID&quot;: 2503,
			&quot;Items&quot;: [{
					&quot;ProductID&quot;: &quot;P07&quot;,
					&quot;Quantity&quot;: 10
				}
			]
		}
	]
}]" doc:name="Set Payload"/>
        <set-variable variableName="SecondPayload" value="#[[
  {
    &quot;ProductID&quot;: &quot;P07&quot;,
    &quot;UnitPrice&quot;: 120
  },
  {
    &quot;ProductID&quot;: &quot;P05&quot;,
    &quot;UnitPrice&quot;: 50
  },
  {
    &quot;ProductID&quot;: &quot;P06&quot;,
    &quot;UnitPrice&quot;: 80
  }
]]" doc:name="Variable"/>
       
        <dw:transform-message doc:name="Transform Message">
            <dw:input-payload doc:sample="sample_data\string.dwl"/>
            <dw:input-variable doc:sample="sample_data\UserDefined.dwl" variableName="SecondPayload"/>
            <dw:set-payload><![CDATA[%dw 1.0
%output application/json
---

"Orders": payload.Orders map (Order,Oindex) -> {
	"OrderID": Order.OrderID,
	"Items" : Order.Items map (Item,IIndx) -> {
		  "ProductID": Item.ProductID,
   (flowVars.SecondPayload filter (Item.ProductID == $.ProductID) map (prd,pidx) -> {
          	        "UnitPrice": prd.UnitPrice
          }),
          "Quantity": Item.Quantity
	}
		

	
}
	
	
	
]]></dw:set-payload>
        </dw:transform-message>
        <logger message="#[payload]" level="INFO" doc:name="Logger"/>
    </flow>
    <flow name="dw-restaurentMenu">
        <http:listener config-ref="HTTP_Listener_Configuration" path="/menu" allowedMethods="GET" doc:name="HTTP"/>
        <set-payload value="#[[{
    &quot;type&quot;: &quot;vegetarian&quot;,
    &quot;menus&quot;: [&quot;spagetthi&quot;,
        &quot;vegentarian tacos&quot;,
        &quot;salad&quot;,
        &quot;quinoa hamburguer&quot;,
        &quot;gnocci&quot;
    ]
}, {
    &quot;type&quot;: &quot;italian&quot;,
    &quot;menus&quot;: [
        &quot;spagetthi&quot;,
        &quot;lasagna&quot;,
        &quot;canelon&quot;,
        &quot;gnocci&quot;
    ]

}, {
    &quot;type&quot;: &quot;argentine&quot;,
    &quot;menus&quot;: [&quot;asado&quot;,
        &quot;milanesa a la napolitana&quot;,
        &quot;empanadas&quot;
    ]
}]]" doc:name="Set Payload"/>
        <dw:transform-message doc:name="Transform Message" metadata:id="d791119c-7a67-4dfe-bb58-d7ba960e9ee3">
            <dw:input-payload doc:sample="sample_data\string_6.dwl" mimeType="application/json"/>
            <dw:set-payload><![CDATA[%dw 1.0
%output application/json
---
payload.menus]]></dw:set-payload>
        </dw:transform-message>
    </flow>
    <flow name="dw-contentenricherFlow1">
        <http:listener config-ref="HTTP_Listener_Configuration" path="/example2" allowedMethods="GET" doc:name="HTTP"/>
        <set-payload value="#[
  [{
    &quot;ObjectID&quot;: &quot;0000-0000-0001&quot;,
    &quot;ObjectName&quot;: &quot;FirstUser&quot;
  },
  {
   &quot;ObjectID&quot;: &quot;0000-0000-0002&quot;,
    &quot;ObjectName&quot;: &quot;SecondUser&quot;
  }
]]" doc:name="Set Payload"/>
        <json:json-to-object-transformer returnClass="java.lang.Object" doc:name="JSON to Object"/>
        <set-variable variableName="UserPayload" value="#[payload]" doc:name="Variable"/>
        <set-payload value="#[flowVars.UserPayload]" doc:name="Set Payload"/>
        <dw:transform-message doc:name="Transform Message" metadata:id="ec55ff39-0fff-4036-9ad7-63ff02dde990">
            <dw:input-variable doc:sample="sample_data\string_1.dwl" mimeType="application/java" variableName="UserPayload"/>
            <dw:set-payload><![CDATA[%dw 1.0
%output application/json
%var input2=[{
	"user":"0000-0000-0001",
		"action":"test action",
			"FileName":"test.txt"
}]
---
input2 map (usr,indx) -> {
	"user": (flowVars.UserPayload filter ($.ObjectID == usr.user))[0].ObjectName,
		"action":usr.action,
			"FileName":usr.FileName
}]]></dw:set-payload>
        </dw:transform-message>
        <logger message="#[payload]" level="INFO" doc:name="Logger"/>
        <set-payload value="#[message.payload]" doc:name="Set Payload"/>
    </flow>
</mule>
